first_name,last_name,country,age
Jacky,Sturzaker,Peru,98
Candida,Rozet,Sweden,24
Rog,Braybrooks,Czech Republic,70
Zachary,Krahl,Portugal,58
Nester,M'Barron,Iran,67
Justin,Hortop,Indonesia,66
Jannelle,Jenicek,Afghanistan,95
Ase,Petchey,Indonesia,33
Allister,Lord,Tunisia,46
Giulio,Tysall,Indonesia,42
Sully,Rodge,Japan,24
Tobie,Doddemeade,Indonesia,96
Edithe,Casina,China,29
Pavia,MacArte,Philippines,39
Tracey,Kirkham,United States,52
Ogdon,Odom,Argentina,52
Hendrik,Eby,Ecuador,65
Lavinia,McTavy,Philippines,79
Patrizia,Poulson,Sweden,82
Bambi,Girvin,Libya,21
Ashby,Eley,Guatemala,35
Mikol,Laimable,Indonesia,93
Gian,Phaup,,
Idell,Deavin,Italy,74
Jocko,Quimby,Japan,52
Germain,Wakeham,Philippines,35
Tani,Targe,China,60
Rodrigo,McMorland,Philippines,67
Roch,Chown,Philippines,56
Sheeree,Rockcliffe,Kazakhstan,40
Lyda,Gillicuddy,Russia,57
Willy,Artz,United States,40
Ralph,Cossor,Russia,74
Tracey,Borrows,Peru,81
Shanan,Beckingham,Indonesia,74
Aloysius,Claxson,Russia,91
Haleigh,Beames,Indonesia,87
Laurice,Nanetti,China,63
Blinnie,Gapper,Guatemala,30
Ilysa,Torald,Philippines,82
Olivette,Kleynermans,Palau,58
Liza,Hardbattle,"Bonaire, Saint Eustatius and Saba ",72
Sarita,Hebborne,Sweden,75
Isidoro,Taborre,North Korea,31
Fancy,Kaiser,Greece,90
Ike,Messam,Russia,32
Robbi,Monnelly,United States,71
Alvira,Sarginson,Russia,60
Ulrike,Peart,South Korea,38
Stesha,Scneider,Poland,35
Nate,Crouch,France,30
Kore,Mayhead,Indonesia,29
Kristen,Darwent,Portugal,58
Afton,Marsay,United States,61
Pail,Macrae,Portugal,84
Veronike,Rubertelli,Cuba,77
Humfrey,Chaney,China,77
Sid,Seeney,Indonesia,42
Veda,Sancraft,Belarus,53
Cesare,McEwan,China,49
Brad,Connelly,Indonesia,20
Huntington,Cicutto,Philippines,40
Stefanie,Ruos,Russia,72
Hewett,Tales,Pakistan,79
Deanna,Ambler,Brazil,87
Tonie,Lambe,Czech Republic,90
Gloria,Morlon,Canada,96
Maureene,Scogings,France,77
Zorana,Mindenhall,South Korea,44
Val,Beceril,,
Arabel,Pantling,China,34
Denis,Algar,Indonesia,29
Tamarah,Muldoon,Indonesia,83
Adrianna,Wetter,France,70
Toni,Berardt,Brazil,41
Shane,Sima,Peru,71
Sophi,Tinghill,Brazil,19
Vanya,Rounds,Uganda,96
Thaine,Gage,Russia,30
Willie,Tidball,Indonesia,66
Casi,Welberry,Czech Republic,91
Jaquelyn,Waterland,China,86
Aluino,McPhater,China,54
Royall,Sillis,Russia,64
Harlene,Spratt,Portugal,19
Laney,Wheowall,Poland,93
Man,Maryska,Sweden,53
Jerad,Gillitt,Afghanistan,21
Elvina,Iles,Brazil,29
Nissy,Jersh,United States,49
Skipper,McSperrin,,
Lilllie,Felipe,China,82
Rowan,Lemmen,Russia,93
Rik,McGready,Argentina,72
Yolande,Troake,Portugal,82
Dorolisa,Antoniou,,
Sybil,Hubatsch,Portugal,20
Mildrid,Lote,Indonesia,85
Caren,Sercombe,Sweden,96
Goldina,Longrigg,China,38
Gardie,Sharper,Brazil,44
Glynn,Pattlel,France,39
Darlleen,Pagitt,Uganda,69
Bryon,Basilotta,China,34
Hildagarde,Allone,Indonesia,18
Augusto,Klaesson,Vietnam,76
Zaccaria,Brownill,Georgia,48
Shirley,Ballintyne,China,48
Ephrem,Wasiel,Bhutan,59
Gallagher,Callan,South Africa,55
Erich,Bowdery,Niger,22
Willy,Murtagh,Croatia,66
Herbie,Neumann,Philippines,62
Ab,Blackway,Russia,32
Sylvester,Cutchie,United States,29
Mireielle,Brunger,Nigeria,52
Riane,Worsell,Moldova,53
Prissie,Downgate,Indonesia,93
Georgi,Hamfleet,Indonesia,31
Dru,Sage,Nigeria,22
Engelbert,Halifax,Russia,86
Garek,MacKartan,Ireland,58
Phillipe,Emblow,Colombia,85
Nerissa,Rivenzon,Palestinian Territory,72
Fred,Izzat,Spain,85
Marcellina,Seamon,Argentina,84
Bary,Myring,Russia,31
Kerr,Sarah,Palestinian Territory,26
Derick,Beddon,Indonesia,78
Brandais,Bevir,Bulgaria,50
Homer,Buston,Portugal,66
Lorrie,Mewes,Costa Rica,49
Bartolemo,Helstrip,Ethiopia,96
Ikey,Bosma,China,23
Johnathan,Rasor,Philippines,65
Kimberly,Murt,,
Connor,O'Glessane,,
Leonelle,Shewring,China,84
Ernie,Dracey,China,60
Freddi,Tropman,Kazakhstan,21
Philippine,Landman,Portugal,84
Keefer,Strelitz,France,38
Millicent,Coulton,Brazil,34
Clarence,Bursnoll,China,65
Doria,Springett,Brazil,70
Fairlie,Founds,Honduras,31
Patin,Thying,Canada,30
Wilbert,Lafflina,Peru,40
Devland,Darkin,China,67
Lula,Siely,Czech Republic,25
Alonzo,Jakobssen,France,33
Marshall,Macveigh,Colombia,44
Phineas,Werrett,Poland,29
Marco,Bangham,China,21
Osbourn,Demongeot,Iceland,40
Pate,Jon,Japan,25
Ram,Spiller,Indonesia,82
Bliss,Tatteshall,Mexico,65
Dawn,Maccaig,,
Nickie,Thorndycraft,Canada,90
Christie,Winscum,China,40
Susi,Knott,Brazil,86
Ivonne,Shotboulte,Russia,32
Rachael,Pegden,Brazil,28
Hadria,Priditt,China,55
Ali,Volant,Palestinian Territory,80
Delphinia,Pheazey,Russia,80
Halli,Isham,,
Agnella,Powland,Venezuela,76
Perla,Othen,Kosovo,52
Hurlee,Charnock,Colombia,72
Kristofor,Truesdale,Honduras,42
Gavra,Breddy,China,98
Minta,Titterell,Thailand,73
Moselle,Libby,Brazil,28
Nathaniel,Zoane,Argentina,18
Ilka,Jaycock,Czech Republic,88
Marcia,Besnard,Canada,40
Charil,Brolan,Indonesia,74
Lorrie,Wallach,Indonesia,72
Mitchel,Hefforde,Russia,82
Ab,Sharple,France,92
Mechelle,Grzegorecki,Vietnam,93
Jehu,Roast,Kazakhstan,96
Camel,Olman,Portugal,29
Stacy,Spray,Sweden,46
Liane,Swansborough,,
Wayland,Dullingham,Ukraine,96
Warren,Allnutt,Poland,41
Ernest,Quigley,Nigeria,95
Kristin,Mozzini,France,72
Michelina,Jeffes,Russia,50
Lorene,Castane,Indonesia,62
Logan,Delgardo,China,79
Abdul,Beachem,China,84
Maitilde,Amps,Greece,53
Devina,Correa,China,20
Layton,Fanner,Zambia,43
Alec,Terrell,Portugal,75
Forrest,Jamot,China,57
Rolland,Mansion,Russia,59
Ealasaid,Combes,Dominican Republic,97
Aundrea,Demangeot,Albania,81
Fancy,Steptoe,Mexico,92
Lilly,Meneur,Peru,32
Veronique,Thraves,China,67
Patin,Whitwham,Russia,47
Lira,Koop,Brazil,22
Hymie,Silley,Bangladesh,55
Gaspard,Petegrew,Argentina,49
Dory,Di Biasi,,
Dasie,Yellowlees,United States,52
Kathleen,Aloway,Sweden,88
Preston,Walkey,Indonesia,80
Jocelin,Skotcher,China,65
Janene,Braine,Colombia,64
Eadith,Dyble,Tunisia,74
Marcos,Erickssen,China,53
Deva,Caldairou,Croatia,65
Norma,Jordanson,China,93
Borden,Fillary,China,69
Morton,De Carolis,Czech Republic,44
Claire,Ledekker,China,37
Davide,Dockrell,Peru,48
Muffin,Casson,Indonesia,27
Pamella,McLugaish,China,95
Ruth,Challiner,Togo,62
Brnaba,Ollet,Yemen,68
Tessa,Cockman,Portugal,58
Emiline,Chestnutt,Czech Republic,98
Gayle,Houlison,China,97
Laurent,McEttigen,Poland,100
Gino,McGinney,Indonesia,62
Doretta,Glasspoole,Russia,55
Ruthy,Licquorish,Croatia,46
Huntley,Heatly,Azerbaijan,28
Cindelyn,Allkins,Sweden,70
Kippie,McCrohon,Thailand,32
Artie,Nockalls,Ireland,39
Iormina,Renak,France,76
Inga,Hawke,South Korea,34
Mary,Worsfield,Indonesia,38
Gianni,Hauck,Indonesia,83
Norean,Strugnell,Indonesia,51
Winny,Huburn,Finland,96
Robinett,Dugald,Ukraine,22
Berni,Cowlam,Laos,78
Hermie,Leonards,Kyrgyzstan,61
Lorri,Cleworth,Guatemala,69
Maryellen,Mayward,Indonesia,38
Francene,MacBain,Venezuela,80
Nickie,Aiston,Canada,100
Rolland,Deverille,China,92
Kris,Ingleson,El Salvador,49
Gerta,Ladbrook,Nicaragua,29
Koenraad,Grunwald,Portugal,53
Wallache,Campanelli,Indonesia,45
Tobin,Carette,Mongolia,50
Bobby,Jouen,Serbia,30
Geralda,Pasmore,Philippines,54
Gregorio,Hallaways,,
Devora,Kalinsky,Russia,80
Gay,Renoden,Malaysia,66
Kristien,Lailey,Greece,36
Adelice,Sawday,China,26
Iormina,Seamen,Russia,65
Bern,Rigglesford,Philippines,86
Wilone,Satterfitt,Somalia,73
Jeralee,Mulles,Portugal,100
Ervin,Caulliere,France,88
Fernanda,Goulstone,China,40
Marcus,Rusted,Portugal,53
Bruce,Dantesia,Portugal,39
Garrard,Craister,Japan,22
Simone,Proby,Ukraine,76
Kev,Beaudry,Philippines,65
Rossie,Glendinning,Indonesia,82
Cleavland,Fenny,Ukraine,24
Analise,Arnaldi,Czech Republic,79
Marmaduke,Orringe,Eritrea,34
Manon,Chaffyn,Philippines,49
Adrianna,Vanes,Russia,95
Fergus,Kasperski,France,25
Hersh,Allawy,Brazil,20
Kellina,Dinkin,Indonesia,27
Cart,Krug,China,95
Neda,Maudson,China,59
Reena,Sifleet,,
Sheelagh,Adamczewski,China,46
Katlin,Bosence,Serbia,91
Nikolai,Jain,Guatemala,61
Joeann,Lochhead,Brazil,32
Terry,Scotsbrook,Montenegro,86
Huntley,Malatalant,Poland,25
Quent,Episcopi,China,76
Rockey,Holson,Philippines,92
Frederigo,Ballam,Armenia,31
Pasquale,Toffano,United States,98
Arvie,Kezar,Indonesia,75
Sasha,Whiteland,Mexico,89
Zacherie,Rannald,Greece,56
Rowan,Cisec,,
Josh,Chatan,Mexico,78
Trstram,Shatford,,
Kim,Brundill,Mongolia,54
Ellwood,Ianittello,China,96
Darryl,Godspede,Indonesia,45
Erinn,Donnachie,Morocco,61
Vanya,Retchford,United States,55
Sherwood,Otson,Indonesia,45
Kathryn,Eddisforth,China,98
Pearline,Peckitt,Portugal,62
Pieter,Brobak,Russia,78
Loralee,Barwell,Niger,44
Guthry,Beckey,Portugal,88
Virgilio,Dunning,Canada,61
Christie,Livzey,Ukraine,22
Rogerio,Frizell,Poland,92
Dell,Itzhayek,Djibouti,62
Berta,Llop,China,64
Fey,Dimitrie,Benin,94
Alanna,Yetts,Nigeria,74
Elene,Von Hindenburg,China,75
Opaline,Egerton,China,36
Johnathon,Bowker,,
Eddi,Daudray,China,55
Dinnie,Elintune,Bangladesh,20
Haven,Dinwoodie,China,96
Wait,Pepi,Indonesia,63
Haskell,Fowden,China,45
Shirlene,Poff,Thailand,100
Ardyce,Reinhardt,Ukraine,42
Hedda,Abels,Indonesia,43
Fernande,Ace,Indonesia,46
Celestine,Hensmans,Sweden,92
Vivian,Cockell,China,25
Karlene,Cordero,Brazil,81
Salaidh,Andrysek,Myanmar,47
Remington,Toman,Paraguay,44
Garrott,Croisdall,United States,74
Cassandre,Lippitt,Indonesia,84
Roanna,Wigfield,Vietnam,44
Kelila,Renn,Mali,25
Silvie,Tombling,Philippines,51
Justinn,Seear,France,92
Cord,Rate,Greece,59
Valentin,Shucksmith,France,55
Jeromy,Skylett,Thailand,43
Leonid,Duester,Indonesia,63
Nolana,Tatersale,China,61
Bjorn,Bartoshevich,Philippines,21
Yvonne,Pittem,France,53
Hall,Mepsted,Indonesia,21
Kahaleel,Thraves,Honduras,90
Gerri,Klishin,Russia,76
Darcy,Innocent,South Korea,19
Ernesta,Vanichkov,Argentina,24
Jeane,Seymer,Panama,19
Flossy,Bolingbroke,Philippines,19
Gretna,Penhaligon,Palestinian Territory,39
Pieter,Blight,China,43
Lindi,Luckin,Nigeria,38
Hertha,Cadge,Uruguay,96
Charlene,Bushen,Argentina,43
Bevin,Gother,Brazil,90
Ninnette,McCulloch,Russia,72
Stavro,MacChaell,Honduras,33
Gussie,Huggens,Tanzania,42
Marjory,Alpes,Albania,62
Mose,Dran,Colombia,35
Penelopa,Sate,China,74
Eldon,Cattellion,Peru,43
Madel,Libermore,China,64
Crichton,Shelp,France,51
Anna-maria,Boldt,Japan,27
Theresita,DelaField,China,22
Brynne,Manuello,Azerbaijan,74
Finn,Milington,Sweden,48
Anastassia,Janzen,Dominican Republic,34
Vittoria,Danko,China,64
Vanya,Outright,Panama,46
Bronson,Phillimore,Colombia,55
Shina,Lescop,China,48
Margery,Martineau,Thailand,24
Jorie,Cutler,Portugal,45
Teirtza,Kamena,China,22
Laina,Burstow,Czech Republic,82
Melamie,Amorine,Poland,23
Opal,Ivens,Greece,79
Pooh,Hultberg,Poland,28
Francisco,Chess,Finland,42
Goldia,Brandli,Cyprus,27
Cointon,Kemish,Indonesia,52
Ric,Grimley,Germany,26
Bobbette,Hurrion,Central African Republic,52
Gray,Genever,South Korea,43
Harmony,Willishire,China,97
Addy,Ballard,Philippines,97
Eden,Solano,Philippines,71
Alanna,Dunridge,Sweden,70
Saudra,Puddephatt,Greece,73
Korella,Tregonna,Morocco,50
Meghann,Giraldon,Greece,62
Trip,Hawse,Myanmar,94
Holly,Boyat,Indonesia,74
Fulton,Frandsen,Indonesia,77
Siegfried,Grealish,China,43
Judye,Iowarch,Indonesia,43
Marysa,Cordelet,China,36
Giana,M'Quharg,Sweden,65
Bryon,Billington,Ukraine,77
Quintus,Petriello,Indonesia,57
Davie,Abbs,Greece,92
Simone,Turmall,Croatia,19
Corie,Yonge,Indonesia,91
Francisca,Dmytryk,Philippines,81
Dulcie,Cuppleditch,China,20
Dayle,Pashba,Croatia,87
Bella,Blaskett,China,78
Barry,Quiddihy,Portugal,97
Miriam,Viccary,United States,55
Selma,Dearlove,Sweden,84
Hildegaard,Palmar,Honduras,93
Susanna,Dungay,Japan,81
Griffith,Aucott,Russia,45
Gwenni,Punton,Indonesia,61
Georg,Vickery,China,37
Karoly,Saile,Brazil,79
Maynord,Braxton,Indonesia,53
Lydon,Brind,Russia,30
Christopher,Kopje,United States,46
Dedra,Eastam,Argentina,61
Elnore,Bortolussi,Philippines,55
Michell,Yerson,Indonesia,59
Jodi,Eat,Guatemala,61
Ichabod,McElrath,Thailand,94
Karia,De Cleyne,Poland,26
Pen,Bentote,South Africa,56
Estell,Huban,Mexico,46
Anatol,Adcock,Guyana,47
Pamela,Cheshir,China,52
Chelsie,Cast,Indonesia,35
Domingo,Poytheras,Indonesia,66
Josey,Casely,China,56
Dagmar,Descroix,Philippines,34
Kial,O'Currine,Peru,66
Tabatha,Schiesterl,Philippines,79
Tymothy,Mathiasen,Afghanistan,40
Clevie,Skatcher,Mongolia,77
Wynnie,Fills,Philippines,67
Gordie,Reubens,China,88
Vanya,Lages,Poland,93
Flory,Holdin,Bahamas,73
Tiffany,Goathrop,Maldives,48
Sophie,Kenvin,Mongolia,94
Lorrin,Izzard,Italy,31
Carlo,Terlinden,Portugal,62
Mohammed,Cumbridge,China,94
Barny,Titherington,Bangladesh,39
Baryram,Benterman,Brazil,55
Fred,Sidle,Indonesia,84
Viviyan,Guy,Cameroon,70
Lauretta,Wilks,Burkina Faso,65
Evania,Geary,Indonesia,22
Sheffie,Canepe,Panama,89
Kitty,Boardman,Gabon,67
Sheeree,Mowne,China,27
Gill,Ewdale,Portugal,27
Junette,Yakuntsov,Ukraine,76
Dyanne,McPhillips,Ukraine,53
Allissa,McCrow,Germany,52
Shani,Kohrding,China,98
Lindie,Elcox,Nigeria,41
Bax,Halfhead,Poland,86
Alyse,Grene,China,31
Ignazio,Pimblett,Czech Republic,90
Willabella,Hutfield,Russia,71
Dene,Piris,China,45
Carling,Cosgriff,Kenya,24
Neda,Millott,China,66
Yuri,Thomann,Hungary,60
Madelin,Theobald,China,74
Ilise,Trett,Serbia,21
Eduard,Redgewell,,
Ibrahim,Steane,Poland,60
Britte,Binner,China,32
Noam,Secker,Greece,40
Valaria,Corry,Turkmenistan,93
Irene,Woolmore,Russia,60
Pamella,Pavelka,China,76
Hilarius,Briffett,Philippines,100
Gwenora,Nowaczyk,Finland,74
Lynnette,Jeyness,Russia,33
Jacobo,Scrase,China,99
George,Edgson,Indonesia,18
Shanda,Walshaw,Indonesia,95
Justin,Kropp,China,98
Kirstin,Piatto,China,95
Guillema,Sauvain,Lebanon,99
Bard,Klaassens,Marshall Islands,55
